i,0_0,0_1,1_0,1_1,flow_balance,construction
1,-0.0,-0.0,-0.0,-0.0,[-7.0, -7.0],-0.0
2,3.0,-0.0,-0.0,2.536,[-7.0, -7.0],-0.0
3,-0.0,-0.0,-0.0,2.536,[-4.0, -7.0],-0.0
4,2.536,-0.0,-0.0,2.536,[-6.535898384862246, -7.0],2.5358983848622456
