iteration,obj_of_RMP
1,23.31370849898476
2,23.31370849898476
3,23.31370849898476
4,23.31370849898476
5,21.363839537702425
6,21.363839537702425
7,20.388905057061258
8,19.98981097776693
9,19.803944368676554
10,19.803944368676557
