iteration,obj_of_RMP
1,17.65685424949238
2,17.65685424949238
3,15.194452528530629
4,15.072444060602482
5,14.723048007739596
6,14.701972184338278
