iteration,obj_of_RMP
1,17.65685424949238
2,17.65685424949238
